Nombre de la Tabla,Nombre del Campo,Tipo de Dato,Longitud Max,Permite Nulos,Posicion
Clinica_Examenes,id_examen,int,-,NO,1
Clinica_Examenes,id_cliente,int,-,YES,2
Clinica_Examenes,id_sucursal,int,-,YES,3
Clinica_Examenes,id_empleado,int,-,YES,4
Clinica_Examenes,fecha_examen,datetime2,-,YES,5
Clinica_Examenes,tipo_examen,nvarchar,100,YES,6
Clinica_Examenes,observaciones,nvarchar,MAX,YES,7
Clinica_Examenes,fecha_carga_etl,datetime2,-,YES,8
Dash_Clinico_Agregado,id_sucursal,int,-,YES,1
Dash_Clinico_Agregado,nombre_sucursal,varchar,100,YES,2
Dash_Clinico_Agregado,id_optometrista,int,-,YES,3
Dash_Clinico_Agregado,fecha_examen,date,-,YES,4
Dash_Clinico_Agregado,periodo,varchar,7,YES,5
Dash_Clinico_Agregado,estado_conversion,varchar,20,YES,6
Dash_Clinico_Agregado,total_examenes,int,-,YES,7
Dash_Clinico_Agregado,monto_convertido,decimal,-,YES,8
Dash_Eficiencia_Agregado,id_sucursal,int,-,YES,1
Dash_Eficiencia_Agregado,fecha_pedido,date,-,YES,2
Dash_Eficiencia_Agregado,periodo,varchar,7,YES,3
Dash_Eficiencia_Agregado,tipo_lente,varchar,50,YES,4
Dash_Eficiencia_Agregado,estado_pedido,varchar,50,YES,5
Dash_Eficiencia_Agregado,total_ordenes,int,-,YES,6
Dash_Eficiencia_Agregado,monto_total,decimal,-,YES,7
Dash_Inventario_Agregado,id_sucursal,int,-,YES,1
Dash_Inventario_Agregado,marca,varchar,100,YES,2
Dash_Inventario_Agregado,grupo,varchar,100,YES,3
Dash_Inventario_Agregado,stock_total,decimal,-,YES,4
Dash_Inventario_Agregado,valor_total,decimal,-,YES,5
Dash_Inventario_Agregado,fecha_foto,datetime,-,YES,6
Dash_Inventario_Resumen,id_producto,int,-,YES,1
Dash_Inventario_Resumen,id_sucursal,int,-,YES,2
Dash_Inventario_Resumen,cantidad_disponible,decimal,-,YES,3
Dash_Inventario_Resumen,fecha_movimiento_stock,date,-,YES,4
Dash_Inventario_Resumen,fecha_foto_sistema,datetime,-,YES,5
Dash_Inventario_Resumen,costo_unitario,decimal,-,YES,6
Dash_Inventario_Resumen,valor_total_inventario,decimal,-,YES,7
Dash_Inventario_Resumen,estado_stock,varchar,50,YES,8
Dash_Inventario_Resumen,calidad_costo,varchar,50,YES,9
Dash_Recaudo_Agregado,id_sucursal,int,-,YES,1
Dash_Recaudo_Agregado,fecha_recaudo,date,-,YES,2
Dash_Recaudo_Agregado,metodo_pago,varchar,50,YES,3
Dash_Recaudo_Agregado,tipo_recaudo,varchar,50,YES,4
Dash_Recaudo_Agregado,monto_total,decimal,-,YES,5
Dash_Recaudo_Agregado,periodo,varchar,7,YES,6
Dash_Ventas_Resumen,id_factura,int,-,YES,1
Dash_Ventas_Resumen,id_producto,int,-,YES,2
Dash_Ventas_Resumen,id_sucursal,int,-,YES,3
Dash_Ventas_Resumen,cantidad,int,-,YES,4
Dash_Ventas_Resumen,monto_total,decimal,-,YES,5
Dash_Ventas_Resumen,fecha_factura,date,-,YES,6
Dash_Ventas_Resumen,anio_venta,int,-,YES,7
Dash_Ventas_Resumen,mes_venta_nro,int,-,YES,8
Dash_Ventas_Resumen,mes_venta_nombre,varchar,20,YES,9
Dash_Ventas_Resumen,periodo_venta,varchar,10,YES,10
Etl_Checkpoints,KeyName,varchar,100,NO,1
Etl_Checkpoints,LastValue,nvarchar,MAX,YES,2
Etl_Ciclos,ciclo_id,varchar,50,NO,1
Etl_Ciclos,fecha_inicio,datetime,-,YES,2
Etl_Ciclos,fecha_fin,datetime,-,YES,3
Etl_Ciclos,estado,varchar,20,YES,4
Etl_Ciclos,modulos_total,int,-,YES,5
Etl_Ciclos,modulos_completados,int,-,YES,6
Etl_Ciclos,modulos_failed,int,-,YES,7
Etl_Ciclos,duracion_minutos,int,-,YES,8
Etl_Ciclos,notas,varchar,500,YES,9
Etl_Control_Ejecucion,modulo_nombre,varchar,50,NO,1
Etl_Control_Ejecucion,ultimo_estatus,varchar,20,YES,2
Etl_Control_Ejecucion,fecha_inicio,datetime,-,YES,3
Etl_Control_Ejecucion,fecha_fin,datetime,-,YES,4
Etl_Control_Ejecucion,mensaje_error,nvarchar,MAX,YES,5
Etl_Inventario_Checkpoint,id,int,-,NO,1
Etl_Inventario_Checkpoint,skip_actual,int,-,YES,2
Etl_Inventario_Checkpoint,estado,varchar,20,YES,3
Etl_Inventario_Checkpoint,fecha_inicio,datetime,-,YES,4
Etl_Inventario_Checkpoint,fecha_ultimo_bloque,datetime,-,YES,5
Etl_Inventario_Checkpoint,bloques_completados,int,-,YES,6
Etl_Inventario_Checkpoint,productos_procesados,int,-,YES,7
Etl_Inventory_Lock,is_running,int,-,YES,1
Etl_Inventory_Lock,last_start,datetime,-,YES,2
Etl_Inventory_Lock,expires_at,datetime,-,YES,3
Etl_Pendientes_Modulo,id,int,-,NO,1
Etl_Pendientes_Modulo,ciclo_id,varchar,50,NO,2
Etl_Pendientes_Modulo,modulo_nombre,varchar,50,NO,3
Etl_Pendientes_Modulo,funcion_nombre,varchar,100,NO,4
Etl_Pendientes_Modulo,orden_ejecucion,int,-,NO,5
Etl_Pendientes_Modulo,dependencias,varchar,500,YES,6
Etl_Pendientes_Modulo,estado,varchar,20,NO,7
Etl_Pendientes_Modulo,intentos,int,-,YES,8
Etl_Pendientes_Modulo,max_intentos,int,-,YES,9
Etl_Pendientes_Modulo,fecha_creacion,datetime,-,YES,10
Etl_Pendientes_Modulo,fecha_inicio,datetime,-,YES,11
Etl_Pendientes_Modulo,fecha_fin,datetime,-,YES,12
Etl_Pendientes_Modulo,proximo_intento,datetime,-,YES,13
Etl_Pendientes_Modulo,registros_procesados,int,-,YES,14
Etl_Pendientes_Modulo,duracion_segundos,int,-,YES,15
Etl_Pendientes_Modulo,mensaje_error,varchar,500,YES,16
Etl_Running_Lock,is_running,int,-,YES,1
Etl_Running_Lock,last_start,datetime,-,YES,2
Finanzas_Cobros,id_cobro,int,-,NO,1
Finanzas_Cobros,id_cliente,int,-,YES,2
Finanzas_Cobros,id_factura,int,-,YES,3
Finanzas_Cobros,id_pedido,int,-,YES,4
Finanzas_Cobros,id_sucursal,int,-,YES,5
Finanzas_Cobros,monto_cobrado,decimal,-,YES,6
Finanzas_Cobros,metodo_pago_nombre,nvarchar,100,YES,7
Finanzas_Cobros,monto_entrega,decimal,-,YES,8
Finanzas_Cobros,monto_cambio,decimal,-,YES,9
Finanzas_Cobros,fecha_cobro,datetime2,-,YES,10
Finanzas_Cobros,usuario_creacion,nvarchar,100,YES,11
Finanzas_Cobros,fecha_carga_etl,datetime2,-,YES,12
Finanzas_Tesoreria,id_pago_tesoreria,int,-,NO,1
Finanzas_Tesoreria,id_sucursal,int,-,YES,2
Finanzas_Tesoreria,fecha_movimiento,datetime2,-,YES,3
Finanzas_Tesoreria,monto,decimal,-,YES,4
Finanzas_Tesoreria,descripcion,nvarchar,MAX,YES,5
Finanzas_Tesoreria,tipo_movimiento,nvarchar,100,YES,6
Finanzas_Tesoreria,metodo_pago_nombre,nvarchar,100,YES,7
Finanzas_Tesoreria,id_cuenta_contable,nvarchar,50,YES,8
Finanzas_Tesoreria,usuario_creacion,nvarchar,100,YES,9
Finanzas_Tesoreria,fecha_carga_etl,datetime2,-,YES,10
Maestro_Categorias,id_categoria,int,-,NO,1
Maestro_Categorias,nombre_categoria,nvarchar,150,YES,2
Maestro_Categorias,id_categoria_padre,int,-,YES,3
Maestro_Categorias,esta_activo,bit,-,YES,4
Maestro_Categorias,fecha_actualizacion,datetime2,-,YES,5
Maestro_Categorias,fecha_carga_etl,datetime2,-,YES,6
Maestro_Clientes,id_cliente,int,-,NO,1
Maestro_Clientes,nombre,nvarchar,150,YES,2
Maestro_Clientes,apellido,nvarchar,150,YES,3
Maestro_Clientes,cedula,nvarchar,20,YES,4
Maestro_Clientes,email,nvarchar,100,YES,5
Maestro_Clientes,telefono_principal,nvarchar,20,YES,6
Maestro_Clientes,fecha_nacimiento,date,-,YES,7
Maestro_Clientes,genero,nvarchar,20,YES,8
Maestro_Clientes,codigo_postal,nvarchar,10,YES,9
Maestro_Clientes,ciudad,nvarchar,100,YES,10
Maestro_Clientes,fecha_creacion_cliente,datetime2,-,YES,11
Maestro_Clientes,fecha_carga_etl,datetime2,-,YES,12
Maestro_Empleados,id_empleado,int,-,NO,1
Maestro_Empleados,nombre_empleado,nvarchar,150,YES,2
Maestro_Empleados,id_sucursal,int,-,YES,3
Maestro_Empleados,tipo_empleado,nvarchar,50,YES,4
Maestro_Empleados,fecha_carga_etl,datetime2,-,YES,5
Maestro_Marcas,id_marca,int,-,NO,1
Maestro_Marcas,nombre_marca,nvarchar,150,YES,2
Maestro_Marcas,codigo_marca,nvarchar,50,YES,3
Maestro_Marcas,fecha_carga_etl,datetime2,-,YES,4
Maestro_Metodos_Pago,id_metodo_pago,int,-,NO,1
Maestro_Metodos_Pago,nombre_metodo,nvarchar,100,YES,2
Maestro_Metodos_Pago,descripcion,nvarchar,MAX,YES,3
Maestro_Metodos_Pago,codigo_interno,nvarchar,50,YES,4
Maestro_Metodos_Pago,usa_en_ingresos,bit,-,YES,5
Maestro_Metodos_Pago,usa_en_gastos,bit,-,YES,6
Maestro_Metodos_Pago,es_activo,bit,-,YES,7
Maestro_Metodos_Pago,tipo_pago_codigo,nvarchar,50,YES,8
Maestro_Metodos_Pago,fecha_carga_etl,datetime2,-,YES,9
Maestro_Productos,id_producto,int,-,NO,1
Maestro_Productos,nombre_producto,nvarchar,200,YES,2
Maestro_Productos,referencia,nvarchar,100,YES,3
Maestro_Productos,codigo_barras,nvarchar,50,YES,4
Maestro_Productos,id_marca,int,-,YES,5
Maestro_Productos,id_categoria,int,-,YES,6
Maestro_Productos,id_grupo,int,-,YES,7
Maestro_Productos,es_inventariable,bit,-,YES,8
Maestro_Productos,costo_compra,decimal,-,YES,9
Maestro_Productos,precio_venta,decimal,-,YES,10
Maestro_Productos,fecha_creacion,datetime2,-,YES,11
Maestro_Productos,fecha_ultima_actualizacion,datetime2,-,YES,12
Maestro_Productos,nombre_modelo_padre,nvarchar,200,YES,13
Maestro_Productos,genero_objetivo,nvarchar,50,YES,14
Maestro_Productos,material_marco,nvarchar,100,YES,15
Maestro_Productos,color_comercial,nvarchar,100,YES,16
Maestro_Productos,tipo_montura,nvarchar,100,YES,17
Maestro_Productos,fecha_carga_etl,datetime2,-,YES,18
Maestro_Proveedores,id_proveedor,int,-,NO,1
Maestro_Proveedores,nombre_proveedor,nvarchar,200,YES,2
Maestro_Proveedores,ruc_proveedor,nvarchar,20,YES,3
Maestro_Proveedores,codigo_interno,nvarchar,50,YES,4
Maestro_Proveedores,email_contacto,nvarchar,100,YES,5
Maestro_Proveedores,telefono_contacto,nvarchar,20,YES,6
Maestro_Proveedores,pais,nvarchar,100,YES,7
Maestro_Proveedores,fecha_creacion_origen,datetime2,-,YES,8
Maestro_Proveedores,fecha_carga_etl,datetime2,-,YES,9
Maestro_Sucursales,id_sucursal,int,-,NO,1
Maestro_Sucursales,nombre_sucursal,nvarchar,100,YES,2
Maestro_Sucursales,alias_sucursal,nvarchar,100,YES,3
Maestro_Sucursales,municipio_raw,nvarchar,100,YES,4
Maestro_Sucursales,localidad_raw,nvarchar,100,YES,5
Maestro_Sucursales,direccion_raw,nvarchar,MAX,YES,6
Maestro_Sucursales,fecha_carga_etl,datetime2,-,YES,7
Maestro_Sucursales_BACKUP_20260505,id_sucursal,int,-,NO,1
Maestro_Sucursales_BACKUP_20260505,nombre_sucursal,nvarchar,100,YES,2
Maestro_Sucursales_BACKUP_20260505,alias_sucursal,nvarchar,100,YES,3
Maestro_Sucursales_BACKUP_20260505,municipio_raw,nvarchar,100,YES,4
Maestro_Sucursales_BACKUP_20260505,localidad_raw,nvarchar,100,YES,5
Maestro_Sucursales_BACKUP_20260505,direccion_raw,nvarchar,MAX,YES,6
Maestro_Sucursales_BACKUP_20260505,fecha_carga_etl,datetime2,-,YES,7
Maestro_Sucursales_BACKUP_20260505,ciudad,nvarchar,100,YES,8
Maestro_Sucursales_BACKUP_20260505,estado,nvarchar,100,YES,9
Maestro_Sucursales_BACKUP_20260505,es_comercial,bit,-,YES,10
Maestro_Sucursales_BACKUP_20260505,alias_excel,nvarchar,150,YES,11
Marketing_Citas,id_cita,int,-,NO,1
Marketing_Citas,id_cliente,int,-,YES,2
Marketing_Citas,id_sucursal,int,-,YES,3
Marketing_Citas,fecha_cita_inicio,datetime2,-,YES,4
Marketing_Citas,fecha_cita_fin,datetime2,-,YES,5
Marketing_Citas,tipo_cita_id,int,-,YES,6
Marketing_Citas,tipo_cita_nombre,nvarchar,100,YES,7
Marketing_Citas,detalles_cita,nvarchar,MAX,YES,8
Marketing_Citas,fecha_creacion_cita,datetime2,-,YES,9
Marketing_Citas,fecha_actualizacion_api,datetime2,-,YES,10
Marketing_Citas,nombre_cliente,nvarchar,150,YES,11
Marketing_Citas,fecha_carga_etl,datetime2,-,YES,12
Operaciones_Inventario,id_inventario,int,-,NO,1
Operaciones_Inventario,id_producto,int,-,YES,2
Operaciones_Inventario,id_sucursal,int,-,YES,3
Operaciones_Inventario,cantidad_disponible,int,-,YES,4
Operaciones_Inventario,cantidad_reservada,int,-,YES,5
Operaciones_Inventario,stock_minimo,int,-,YES,6
Operaciones_Inventario,costo_promedio,decimal,-,YES,7
Operaciones_Inventario,fecha_actualizacion,datetime2,-,YES,8
Operaciones_Inventario,fecha_carga_etl,datetime2,-,YES,9
Operaciones_Ordenes_Cristales,id_orden_cristal,int,-,NO,1
Operaciones_Ordenes_Cristales,codigo_orden,nvarchar,50,YES,2
Operaciones_Ordenes_Cristales,numero_orden,nvarchar,50,YES,3
Operaciones_Ordenes_Cristales,id_cliente,int,-,YES,4
Operaciones_Ordenes_Cristales,id_sucursal,int,-,YES,5
Operaciones_Ordenes_Cristales,id_pedido_venta,int,-,YES,6
Operaciones_Ordenes_Cristales,id_pedido_compra,int,-,YES,7
Operaciones_Ordenes_Cristales,observaciones,nvarchar,MAX,YES,8
Operaciones_Ordenes_Cristales,fecha_creacion,datetime2,-,YES,9
Operaciones_Ordenes_Cristales,od_tipo_lente,nvarchar,100,YES,10
Operaciones_Ordenes_Cristales,od_material,nvarchar,100,YES,11
Operaciones_Ordenes_Cristales,od_esfera,decimal,-,YES,12
Operaciones_Ordenes_Cristales,od_cilindro,decimal,-,YES,13
Operaciones_Ordenes_Cristales,od_eje,decimal,-,YES,14
Operaciones_Ordenes_Cristales,od_adicion,decimal,-,YES,15
Operaciones_Ordenes_Cristales,od_altura,decimal,-,YES,16
Operaciones_Ordenes_Cristales,oi_tipo_lente,nvarchar,100,YES,17
Operaciones_Ordenes_Cristales,oi_material,nvarchar,100,YES,18
Operaciones_Ordenes_Cristales,oi_esfera,decimal,-,YES,19
Operaciones_Ordenes_Cristales,oi_cilindro,decimal,-,YES,20
Operaciones_Ordenes_Cristales,oi_eje,decimal,-,YES,21
Operaciones_Ordenes_Cristales,oi_adicion,decimal,-,YES,22
Operaciones_Ordenes_Cristales,oi_altura,decimal,-,YES,23
Operaciones_Ordenes_Cristales,fecha_carga_etl,datetime2,-,YES,24
Operaciones_Pedidos_Laboratorio,id_pedido_lab,int,-,NO,1
Operaciones_Pedidos_Laboratorio,id_pedido_origen,int,-,YES,2
Operaciones_Pedidos_Laboratorio,proveedor_nombre,nvarchar,200,YES,3
Operaciones_Pedidos_Laboratorio,id_sucursal,int,-,YES,4
Operaciones_Pedidos_Laboratorio,fecha_solicitud,datetime2,-,YES,5
Operaciones_Pedidos_Laboratorio,monto_costo,decimal,-,YES,6
Operaciones_Pedidos_Laboratorio,estatus_proceso,nvarchar,100,YES,7
Operaciones_Pedidos_Laboratorio,fecha_fabricacion,datetime2,-,YES,8
Operaciones_Pedidos_Laboratorio,usuario_creacion,nvarchar,100,YES,9
Operaciones_Pedidos_Laboratorio,fecha_carga_etl,datetime2,-,YES,10
Operaciones_Recepciones_Lab,id_recepcion_linea,int,-,NO,1
Operaciones_Recepciones_Lab,id_albaran,int,-,YES,2
Operaciones_Recepciones_Lab,numero_albaran,nvarchar,50,YES,3
Operaciones_Recepciones_Lab,id_proveedor,int,-,YES,4
Operaciones_Recepciones_Lab,id_pedido_origen,int,-,YES,5
Operaciones_Recepciones_Lab,fecha_recepcion,date,-,YES,6
Operaciones_Recepciones_Lab,fecha_recepcion_exacta,datetime2,-,YES,7
Operaciones_Recepciones_Lab,costo_linea_recepcion,decimal,-,YES,8
Operaciones_Recepciones_Lab,fecha_carga_etl,datetime2,-,YES,9
Param_Modulos,id_modulo,int,-,NO,1
Param_Modulos,nombre_modulo,nvarchar,100,NO,2
Param_Modulos,descripcion,nvarchar,255,YES,3
Param_Modulos,icono,nvarchar,50,YES,4
Param_Modulos,ruta_portal,nvarchar,255,YES,5
Param_Modulos,orden_visualizacion,int,-,YES,6
Param_Modulos,esta_activo,bit,-,YES,7
Param_Venezuela_Estados,id_estado,int,-,NO,1
Param_Venezuela_Estados,codigo_ine,varchar,5,YES,2
Param_Venezuela_Estados,nombre_estado,nvarchar,100,NO,3
Param_Venezuela_Estados,nombre_capital,nvarchar,100,YES,4
Param_Venezuela_Estados,latitud_capital,decimal,-,YES,5
Param_Venezuela_Estados,longitud_capital,decimal,-,YES,6
Param_Venezuela_Estados,poblacion_2011,int,-,YES,7
Param_Venezuela_Estados,area_km2,decimal,-,YES,8
Param_Venezuela_Estados,region_administrativa,nvarchar,100,YES,9
Param_Venezuela_Estados,fecha_creacion,datetime2,-,YES,10
Param_Venezuela_Geografia,id_param,int,-,NO,1
Param_Venezuela_Geografia,estado,varchar,100,NO,2
Param_Venezuela_Geografia,municipio,varchar,100,YES,3
Param_Venezuela_Geografia,latitud,decimal,-,YES,4
Param_Venezuela_Geografia,longitud,decimal,-,YES,5
Param_Venezuela_Municipios,id_municipio,int,-,NO,1
Param_Venezuela_Municipios,id_estado,int,-,NO,2
Param_Venezuela_Municipios,nombre_municipio,nvarchar,150,NO,3
Param_Venezuela_Municipios,nombre_capital_municipal,nvarchar,150,YES,4
Param_Venezuela_Municipios,latitud,decimal,-,YES,5
Param_Venezuela_Municipios,longitud,decimal,-,YES,6
Param_Venezuela_Municipios,poblacion_2011,int,-,YES,7
Param_Venezuela_Municipios,area_km2,decimal,-,YES,8
Param_Venezuela_Municipios,fecha_creacion,datetime2,-,YES,9
Param_Venezuela_Parroquias,id_parroquia,int,-,NO,1
Param_Venezuela_Parroquias,id_municipio,int,-,NO,2
Param_Venezuela_Parroquias,id_estado,int,-,NO,3
Param_Venezuela_Parroquias,nombre_parroquia,nvarchar,150,NO,4
Param_Venezuela_Parroquias,latitud,decimal,-,YES,5
Param_Venezuela_Parroquias,longitud,decimal,-,YES,6
Param_Venezuela_Parroquias,fecha_creacion,datetime2,-,YES,7
Seguridad_Auditoria,id_auditoria,bigint,-,NO,1
Seguridad_Auditoria,id_usuario,int,-,YES,2
Seguridad_Auditoria,email_usuario,nvarchar,100,YES,3
Seguridad_Auditoria,accion,nvarchar,100,NO,4
Seguridad_Auditoria,tabla_afectada,nvarchar,100,YES,5
Seguridad_Auditoria,registro_id,nvarchar,50,YES,6
Seguridad_Auditoria,valores_anteriores,nvarchar,MAX,YES,7
Seguridad_Auditoria,valores_nuevos,nvarchar,MAX,YES,8
Seguridad_Auditoria,resultado,nvarchar,20,YES,9
Seguridad_Auditoria,mensaje_error,nvarchar,MAX,YES,10
Seguridad_Auditoria,ip_origen,nvarchar,50,YES,11
Seguridad_Auditoria,fecha_accion,datetime2,-,YES,12
Seguridad_Permisos,id_permiso,int,-,NO,1
Seguridad_Permisos,nombre_permiso,nvarchar,100,NO,2
Seguridad_Permisos,descripcion,nvarchar,255,YES,3
Seguridad_Permisos,modulo,nvarchar,50,YES,4
Seguridad_Permisos,accion,nvarchar,50,YES,5
Seguridad_Permisos,esta_activo,bit,-,YES,6
Seguridad_Permisos,fecha_creacion,datetime2,-,YES,7
Seguridad_Roles,id_rol,int,-,NO,1
Seguridad_Roles,nombre_rol,nvarchar,50,NO,2
Seguridad_Roles,descripcion,nvarchar,255,YES,3
Seguridad_Roles,nivel_jerarquico,int,-,YES,4
Seguridad_Roles,esta_activo,bit,-,YES,5
Seguridad_Roles,fecha_creacion,datetime2,-,YES,6
Seguridad_Roles_Permisos,id_rol,int,-,NO,1
Seguridad_Roles_Permisos,id_permiso,int,-,NO,2
Seguridad_Roles_Permisos,fecha_asignacion,datetime2,-,YES,3
Seguridad_Sesiones,id_sesion,nvarchar,255,NO,1
Seguridad_Sesiones,id_usuario,int,-,NO,2
Seguridad_Sesiones,token_jwt,nvarchar,MAX,YES,3
Seguridad_Sesiones,ip_origen,nvarchar,50,YES,4
Seguridad_Sesiones,user_agent,nvarchar,255,YES,5
Seguridad_Sesiones,fecha_inicio,datetime2,-,YES,6
Seguridad_Sesiones,fecha_expiracion,datetime2,-,YES,7
Seguridad_Sesiones,esta_activa,bit,-,YES,8
Seguridad_Usuarios,id_usuario,int,-,NO,1
Seguridad_Usuarios,email,nvarchar,100,NO,2
Seguridad_Usuarios,nombre_completo,nvarchar,150,YES,3
Seguridad_Usuarios,password_hash,nvarchar,255,NO,4
Seguridad_Usuarios,esta_activo,bit,-,YES,5
Seguridad_Usuarios,ultima_sesion,datetime2,-,YES,6
Seguridad_Usuarios,fecha_creacion,datetime2,-,YES,7
Seguridad_Usuarios,usuario_creacion,nvarchar,100,YES,8
Seguridad_Usuarios,fecha_modificacion,datetime2,-,YES,9
Seguridad_Usuarios,usuario_modificacion,nvarchar,100,YES,10
Seguridad_Usuarios_Roles,id_usuario,int,-,NO,1
Seguridad_Usuarios_Roles,id_rol,int,-,NO,2
Seguridad_Usuarios_Roles,fecha_asignacion,datetime2,-,YES,3
Seguridad_Usuarios_Roles,fecha_revocacion,datetime2,-,YES,4
Seguridad_Usuarios_Roles,esta_vigente,bit,-,YES,5
Seguridad_Usuarios_Sucursales,id_usuario,int,-,NO,1
Seguridad_Usuarios_Sucursales,id_sucursal,int,-,NO,2
Seguridad_Usuarios_Sucursales,fecha_asignacion,datetime2,-,YES,3
Seguridad_Usuarios_Sucursales,esta_vigente,bit,-,YES,4
sessions,id,nvarchar,255,NO,1
sessions,sessionToken,nvarchar,255,NO,2
sessions,userId,int,-,NO,3
sessions,expires,datetime2,-,NO,4
sessions,createdAt,datetime2,-,NO,5
sessions,updatedAt,datetime2,-,NO,6
sysdiagrams,name,nvarchar,128,NO,1
sysdiagrams,principal_id,int,-,NO,2
sysdiagrams,diagram_id,int,-,NO,3
sysdiagrams,version,int,-,YES,4
sysdiagrams,definition,varbinary,MAX,YES,5
Ventas_Cabecera,id_factura,int,-,NO,1
Ventas_Cabecera,id_sucursal,int,-,YES,2
Ventas_Cabecera,id_cliente,int,-,YES,3
Ventas_Cabecera,id_empleado,int,-,YES,4
Ventas_Cabecera,fecha_factura,datetime2,-,YES,5
Ventas_Cabecera,monto_total,decimal,-,YES,6
Ventas_Cabecera,fecha_carga_etl,datetime2,-,YES,7
Ventas_Detalle,id_factura,int,-,NO,1
Ventas_Detalle,id_linea,int,-,NO,2
Ventas_Detalle,id_producto,int,-,YES,3
Ventas_Detalle,cantidad,decimal,-,YES,4
Ventas_Detalle,precio_unitario,decimal,-,YES,5
Ventas_Detalle,total_linea,decimal,-,YES,6
Ventas_Detalle,fecha_carga_etl,datetime2,-,YES,7
Ventas_Pedidos,id_pedido,int,-,NO,1
Ventas_Pedidos,numero_pedido,nvarchar,50,YES,2
Ventas_Pedidos,id_sucursal,int,-,YES,3
Ventas_Pedidos,id_cliente,int,-,YES,4
Ventas_Pedidos,id_empleado,int,-,YES,5
Ventas_Pedidos,fecha_pedido,datetime2,-,YES,6
Ventas_Pedidos,monto_total,decimal,-,YES,7
Ventas_Pedidos,monto_pagado,decimal,-,YES,8
Ventas_Pedidos,saldo_pendiente,decimal,-,YES,9
Ventas_Pedidos,estado_pedido,nvarchar,50,YES,10
Ventas_Pedidos,id_estado_orden,int,-,YES,11
Ventas_Pedidos,fecha_carga_etl,datetime2,-,YES,12
