Nombre de la Vista,Nombre del Campo,Tipo de Dato,Longitud Max,Permite Nulos,Posicion
database_firewall_rules,id,int,-,NO,1
database_firewall_rules,name,nvarchar,128,NO,2
database_firewall_rules,start_ip_address,varchar,45,NO,3
database_firewall_rules,end_ip_address,varchar,45,NO,4
database_firewall_rules,create_date,datetime,-,NO,5
database_firewall_rules,modify_date,datetime,-,NO,6
Dim_Categorias,id_categoria,int,-,NO,1
Dim_Categorias,nombre_categoria,nvarchar,150,YES,2
Dim_Categorias,nivel_jerarquia,varchar,19,NO,3
Dim_Categorias,linea_negocio,varchar,11,NO,4
Dim_Clientes,id_cliente,int,-,NO,1
Dim_Clientes,nombre_completo,nvarchar,301,YES,2
Dim_Clientes,genero_label,varchar,23,NO,3
Dim_Clientes,edad,int,-,NO,4
Dim_Clientes,rango_edad_descripcion,varchar,12,NO,5
Dim_Clientes,distrito_residencia,nvarchar,100,YES,6
Dim_Clientes,email,nvarchar,100,YES,7
Dim_Clientes,fecha_registro_completa,date,-,YES,8
Dim_Clientes,anio_registro,int,-,YES,9
Dim_Clientes,mes_registro_nro,int,-,YES,10
Dim_Clientes,mes_registro_nombre,varchar,10,YES,11
Dim_Clientes,periodo_registro,varchar,15,NO,12
Dim_Empleados,id_empleado,int,-,NO,1
Dim_Empleados,nombre_completo,nvarchar,150,YES,2
Dim_Empleados,tipo_empleado,nvarchar,50,YES,3
Dim_Empleados,id_sucursal,int,-,YES,4
Dim_Estados_Venezuela,id_estado,int,-,NO,1
Dim_Estados_Venezuela,codigo_ine,varchar,5,YES,2
Dim_Estados_Venezuela,nombre_estado,nvarchar,100,NO,3
Dim_Estados_Venezuela,nombre_capital,nvarchar,100,YES,4
Dim_Estados_Venezuela,region_administrativa,nvarchar,100,YES,5
Dim_Estados_Venezuela,poblacion_2011,int,-,YES,6
Dim_Estados_Venezuela,area_km2,decimal,-,YES,7
Dim_Estados_Venezuela,latitud_capital,decimal,-,YES,8
Dim_Estados_Venezuela,longitud_capital,decimal,-,YES,9
Dim_Estados_Venezuela,cantidad_municipios,int,-,YES,10
Dim_Estados_Venezuela,pais,varchar,9,NO,11
Dim_MetodosPago,id_metodo_pago,int,-,NO,1
Dim_MetodosPago,metodo_pago,nvarchar,100,YES,2
Dim_MetodosPago,codigo_contable,nvarchar,50,YES,3
Dim_Municipios_Venezuela,id_municipio,int,-,NO,1
Dim_Municipios_Venezuela,id_estado,int,-,NO,2
Dim_Municipios_Venezuela,codigo_ine,varchar,5,YES,3
Dim_Municipios_Venezuela,nombre_estado,nvarchar,100,YES,4
Dim_Municipios_Venezuela,nombre_municipio,nvarchar,150,NO,5
Dim_Municipios_Venezuela,nombre_capital_municipal,nvarchar,150,YES,6
Dim_Municipios_Venezuela,region_administrativa,nvarchar,100,YES,7
Dim_Municipios_Venezuela,poblacion_2011,int,-,YES,8
Dim_Municipios_Venezuela,area_km2,decimal,-,YES,9
Dim_Municipios_Venezuela,latitud,decimal,-,YES,10
Dim_Municipios_Venezuela,longitud,decimal,-,YES,11
Dim_Municipios_Venezuela,pais,varchar,9,NO,12
Dim_Municipios_Venezuela,cantidad_parroquias,int,-,YES,13
Dim_Productos,SK_Producto,int,-,NO,1
Dim_Productos,nombre_producto,nvarchar,200,YES,2
Dim_Productos,codigo_barras,nvarchar,50,YES,3
Dim_Productos,referencia,nvarchar,100,YES,4
Dim_Productos,id_grupo,int,-,YES,5
Dim_Productos,id_marca,int,-,YES,6
Dim_Productos,Marca,nvarchar,150,NO,7
Dim_Productos,id_categoria,int,-,YES,8
Dim_Productos,Categoria,nvarchar,150,NO,9
Dim_Productos,Categoria_Padre,nvarchar,150,NO,10
Dim_Productos,Segmento_Comercial,varchar,18,NO,11
Dim_Productos,Material,nvarchar,100,NO,12
Dim_Productos,Genero,nvarchar,50,NO,13
Dim_Productos,Color,nvarchar,100,NO,14
Dim_Productos,Tipo_Montura,nvarchar,100,NO,15
Dim_Productos,Costo_Unitario,decimal,-,NO,16
Dim_Productos,Precio_Venta,decimal,-,NO,17
Dim_Productos,Fecha_Dato,datetime2,-,YES,18
Dim_Sucursales,id_sucursal,int,-,NO,1
Dim_Sucursales,nombre_sucursal,nvarchar,100,YES,2
Dim_Sucursales,nombre_comercial,nvarchar,100,YES,3
Dim_Sucursales,direccion,nvarchar,MAX,NO,4
Dim_Sucursales,fecha_carga_etl,datetime2,-,YES,5
Dim_Sucursales_Limpia,id_sucursal,int,-,NO,1
Dim_Sucursales_Limpia,Nombre_Sucursal,nvarchar,100,YES,2
Dim_Sucursales_Limpia,Municipio,nvarchar,150,NO,3
Dim_Sucursales_Limpia,Localidad,nvarchar,100,YES,4
Dim_Tiempo,Date,date,-,YES,1
Dim_Tiempo,Anio,int,-,YES,2
Dim_Tiempo,Mes_Nro,int,-,YES,3
Dim_Tiempo,Dia,int,-,YES,4
Dim_Tiempo,Mes,nvarchar,4000,YES,5
Dim_Tiempo,Mes_Corto,nvarchar,4000,YES,6
Dim_Tiempo,Trimestre,varchar,13,NO,7
Dim_Tiempo,Anio_Mes,nvarchar,4000,YES,8
Dim_Tiempo,Dia_Semana,int,-,YES,9
Dim_Tiempo,Nombre_Dia,nvarchar,4000,YES,10
Dim_Tiempo,Es_Fin_Semana,varchar,2,NO,11
Dim_Tiempo,Fecha_Relativa,varchar,6,NO,12
Dim_Tiempo,Slicer_Mes,nvarchar,4000,YES,13
Dim_Tiempo,Filtro_Comparativo_Dinamico,int,-,NO,14
Fact_Eficiencia_Ordenes,id_orden_cristal,int,-,NO,1
Fact_Eficiencia_Ordenes,id_pedido,int,-,YES,2
Fact_Eficiencia_Ordenes,id_sucursal,int,-,YES,3
Fact_Eficiencia_Ordenes,id_cliente,int,-,YES,4
Fact_Eficiencia_Ordenes,fecha_pedido,date,-,YES,5
Fact_Eficiencia_Ordenes,anio,int,-,YES,6
Fact_Eficiencia_Ordenes,mes_nro,int,-,YES,7
Fact_Eficiencia_Ordenes,mes_nombre,varchar,10,YES,8
Fact_Eficiencia_Ordenes,periodo,varchar,15,NO,9
Fact_Eficiencia_Ordenes,od_tipo_lente,nvarchar,100,YES,10
Fact_Eficiencia_Ordenes,tipo_lente_descripcion,varchar,10,NO,11
Fact_Eficiencia_Ordenes,oi_tipo_lente,nvarchar,100,YES,12
Fact_Eficiencia_Ordenes,od_material,nvarchar,100,YES,13
Fact_Eficiencia_Ordenes,oi_material,nvarchar,100,YES,14
Fact_Eficiencia_Ordenes,estado_pedido,nvarchar,50,YES,15
Fact_Eficiencia_Ordenes,monto_total,decimal,-,YES,16
Fact_Eficiencia_Ordenes,monto_pagado,decimal,-,YES,17
Fact_Examenes,id_examen,int,-,NO,1
Fact_Examenes,id_cliente,int,-,YES,2
Fact_Examenes,id_sucursal,int,-,YES,3
Fact_Examenes,nombre_sucursal,nvarchar,100,YES,4
Fact_Examenes,id_optometrista,int,-,NO,5
Fact_Examenes,fecha_examen_completa,date,-,YES,6
Fact_Examenes,anio_examen,int,-,YES,7
Fact_Examenes,mes_examen_nro,int,-,YES,8
Fact_Examenes,mes_examen_nombre,varchar,10,YES,9
Fact_Examenes,periodo_examen,varchar,15,NO,10
Fact_Examenes,calidad_registro,varchar,13,NO,11
Fact_Examenes,estado_conversion,varchar,13,NO,12
Fact_Examenes,id_pedido,int,-,YES,13
Fact_Examenes,dias_a_conversion,int,-,YES,14
Fact_Examenes,monto_total,decimal,-,YES,15
Fact_Inventario,id_producto,int,-,YES,1
Fact_Inventario,id_sucursal,int,-,YES,2
Fact_Inventario,cantidad_disponible,int,-,YES,3
Fact_Inventario,fecha_movimiento_stock,date,-,YES,4
Fact_Inventario,fecha_foto_sistema,datetime2,-,YES,5
Fact_Inventario,fecha_foto_date,date,-,YES,6
Fact_Inventario,costo_unitario,decimal,-,YES,7
Fact_Inventario,valor_total_inventario,decimal,-,YES,8
Fact_Inventario,estado_stock,varchar,14,NO,9
Fact_Inventario,calidad_costo,varchar,18,NO,10
Fact_Inventario,Marca,nvarchar,150,NO,11
Fact_Inventario,Segmento_Comercial,varchar,18,NO,12
Fact_Operaciones_Maestra,ID_Pedido,int,-,NO,1
Fact_Operaciones_Maestra,Fecha_Pedido,date,-,YES,2
Fact_Operaciones_Maestra,id_sucursal,int,-,YES,3
Fact_Operaciones_Maestra,ID_Cliente,int,-,YES,4
Fact_Operaciones_Maestra,Paciente,nvarchar,301,YES,5
Fact_Operaciones_Maestra,ID_Receta,int,-,NO,6
Fact_Operaciones_Maestra,Codigo_Sobre,nvarchar,50,YES,7
Fact_Operaciones_Maestra,Material,nvarchar,100,NO,8
Fact_Operaciones_Maestra,Tipo_Lente,nvarchar,100,NO,9
Fact_Operaciones_Maestra,Esfera_OD,decimal,-,YES,10
Fact_Operaciones_Maestra,Esfera_OI,decimal,-,YES,11
Fact_Operaciones_Maestra,Monto_Total,decimal,-,YES,12
Fact_Operaciones_Maestra,Monto_Pagado,decimal,-,YES,13
Fact_Operaciones_Maestra,Saldo_Pendiente,decimal,-,YES,14
Fact_Operaciones_Maestra,Estado_Pago,nvarchar,50,YES,15
Fact_Operaciones_Maestra,Estatus_Cobro,varchar,18,NO,16
Fact_Operaciones_Maestra,Fecha_Recepcion,int,-,YES,17
Fact_Operaciones_Maestra,Dias_Lab,int,-,YES,18
Fact_Operaciones_Maestra,Anio,int,-,YES,19
Fact_Operaciones_Maestra,Mes_Nro,int,-,YES,20
Fact_Operaciones_Maestra,Mes_Nombre,varchar,10,YES,21
Fact_Operaciones_Maestra,Periodo,varchar,7,YES,22
Fact_Operaciones_Maestra,Semaforo_Meta,varchar,18,NO,23
Fact_Operaciones_Maestra,Calidad_Analisis,varchar,19,NO,24
Fact_Pedidos,id_pedido,int,-,NO,1
Fact_Pedidos,numero_pedido,nvarchar,50,YES,2
Fact_Pedidos,id_sucursal,int,-,YES,3
Fact_Pedidos,id_cliente,int,-,YES,4
Fact_Pedidos,id_asesor,int,-,YES,5
Fact_Pedidos,monto_total,decimal,-,YES,6
Fact_Pedidos,monto_pagado,decimal,-,YES,7
Fact_Pedidos,saldo_pendiente,decimal,-,YES,8
Fact_Pedidos,estado_pago_interno,nvarchar,50,YES,9
Fact_Pedidos,id_estado_orden,int,-,YES,10
Fact_Pedidos,Estado_Orden_Detalle,varchar,21,NO,11
Fact_Pedidos,fecha_pedido_completa,date,-,YES,12
Fact_Pedidos,anio_pedido,int,-,YES,13
Fact_Pedidos,mes_pedido_nro,int,-,YES,14
Fact_Pedidos,mes_pedido_nombre,varchar,10,YES,15
Fact_Pedidos,periodo_pedido,varchar,15,NO,16
Fact_Produccion_Lentes,ID_Orden,int,-,NO,1
Fact_Produccion_Lentes,Codigo_Sobre,nvarchar,50,YES,2
Fact_Produccion_Lentes,ID_Pedido,int,-,YES,3
Fact_Produccion_Lentes,ID_Sucursal,int,-,YES,4
Fact_Produccion_Lentes,ID_Cliente,int,-,YES,5
Fact_Produccion_Lentes,Fecha_Promesa,datetime2,-,YES,6
Fact_Produccion_Lentes,od_esfera,decimal,-,YES,7
Fact_Produccion_Lentes,od_cilindro,decimal,-,YES,8
Fact_Produccion_Lentes,od_adicion,decimal,-,YES,9
Fact_Produccion_Lentes,od_tipo_lente,nvarchar,100,YES,10
Fact_Produccion_Lentes,od_material,nvarchar,100,YES,11
Fact_Produccion_Lentes,oi_esfera,decimal,-,YES,12
Fact_Produccion_Lentes,oi_cilindro,decimal,-,YES,13
Fact_Produccion_Lentes,oi_adicion,decimal,-,YES,14
Fact_Produccion_Lentes,oi_tipo_lente,nvarchar,100,YES,15
Fact_Produccion_Lentes,oi_material,nvarchar,100,YES,16
Fact_Produccion_Lentes,Diagnostico_Derecho,varchar,13,NO,17
Fact_Produccion_Lentes,fecha_carga_etl,datetime2,-,YES,18
Fact_Recaudo,id_cobro,int,-,NO,1
Fact_Recaudo,id_factura,int,-,NO,2
Fact_Recaudo,id_pedido,int,-,YES,3
Fact_Recaudo,id_sucursal,int,-,YES,4
Fact_Recaudo,id_cliente,int,-,YES,5
Fact_Recaudo,metodo_pago,nvarchar,100,YES,6
Fact_Recaudo,tipo_recaudo,varchar,28,NO,7
Fact_Recaudo,importe_neto,decimal,-,NO,8
Fact_Recaudo,fecha_completa,date,-,YES,9
Fact_Recaudo,anio_cobro,int,-,YES,10
Fact_Recaudo,mes_nro,int,-,YES,11
Fact_Recaudo,mes_nombre,varchar,10,YES,12
Fact_Recaudo,periodo,varchar,15,NO,13
Fact_Tesoreria,id_pago_tesoreria,int,-,NO,1
Fact_Tesoreria,id_sucursal,int,-,YES,2
Fact_Tesoreria,concepto_movimiento,nvarchar,MAX,YES,3
Fact_Tesoreria,metodo_pago,nvarchar,100,YES,4
Fact_Tesoreria,monto_movimiento,decimal,-,YES,5
Fact_Tesoreria,categoria_tesoreria,varchar,19,NO,6
Fact_Tesoreria,responsable,nvarchar,100,YES,7
Fact_Tesoreria,fecha_completa,date,-,YES,8
Fact_Tesoreria,anio_tesoreria,int,-,YES,9
Fact_Tesoreria,mes_tesoreria_nro,int,-,YES,10
Fact_Tesoreria,mes_tesoreria_nombre,varchar,10,YES,11
Fact_Tesoreria,periodo_tesoreria,varchar,15,NO,12
Fact_Ventas,id_factura,int,-,NO,1
Fact_Ventas,id_sucursal,int,-,YES,2
Fact_Ventas,id_cliente,int,-,YES,3
Fact_Ventas,id_vendedor,int,-,NO,4
Fact_Ventas,monto_total,decimal,-,YES,5
Fact_Ventas,tipo_transaccion,varchar,10,NO,6
Fact_Ventas,monto_sin_iva,decimal,-,YES,7
Fact_Ventas,fecha_factura,date,-,YES,8
Fact_Ventas,anio_factura,int,-,YES,9
Fact_Ventas,mes_factura_nro,int,-,YES,10
Fact_Ventas,mes_factura_nombre,varchar,10,YES,11
Fact_Ventas,periodo_factura,varchar,15,NO,12
Fact_Ventas_Analitico,id_factura,int,-,NO,1
Fact_Ventas_Analitico,id_linea,int,-,NO,2
Fact_Ventas_Analitico,id_producto,int,-,YES,3
Fact_Ventas_Analitico,id_sucursal,int,-,YES,4
Fact_Ventas_Analitico,nombre_producto,nvarchar,200,YES,5
Fact_Ventas_Analitico,nombre_modelo_padre,nvarchar,200,YES,6
Fact_Ventas_Analitico,material_marco,nvarchar,100,YES,7
Fact_Ventas_Analitico,tipo_montura,nvarchar,100,YES,8
Fact_Ventas_Analitico,genero_objetivo,nvarchar,50,YES,9
Fact_Ventas_Analitico,id_categoria,int,-,YES,10
Fact_Ventas_Analitico,nombre_categoria,nvarchar,150,YES,11
Fact_Ventas_Analitico,id_categoria_padre,int,-,YES,12
Fact_Ventas_Analitico,cantidad,decimal,-,YES,13
Fact_Ventas_Analitico,precio_lista_unitario,decimal,-,YES,14
Fact_Ventas_Analitico,monto_final_transaccional,decimal,-,YES,15
Fact_Ventas_Analitico,ajuste_comercial_neto,decimal,-,YES,16
Fact_Ventas_Analitico,fecha_factura,date,-,YES,17
Fact_Ventas_Analitico,anio_venta,int,-,YES,18
Fact_Ventas_Analitico,mes_venta_nro,int,-,YES,19
Fact_Ventas_Analitico,mes_venta_nombre,varchar,10,YES,20
Fact_Ventas_Analitico,periodo_venta,varchar,15,NO,21
Fact_Ventas_Detalle,id_factura,int,-,NO,1
Fact_Ventas_Detalle,id_linea,int,-,NO,2
Fact_Ventas_Detalle,id_producto,int,-,YES,3
Fact_Ventas_Detalle,cantidad,decimal,-,YES,4
Fact_Ventas_Detalle,id_sucursal,int,-,YES,5
Fact_Ventas_Detalle,precio_lista_unitario,decimal,-,YES,6
Fact_Ventas_Detalle,monto_final_transaccional,decimal,-,YES,7
Fact_Ventas_Detalle,ajuste_comercial_neto,decimal,-,YES,8
Fact_Ventas_Detalle,fecha_factura,date,-,YES,9
Fact_Ventas_Detalle,anio_venta,int,-,YES,10
Fact_Ventas_Detalle,mes_venta_nro,int,-,YES,11
Fact_Ventas_Detalle,mes_venta_nombre,varchar,10,YES,12
Fact_Ventas_Detalle,periodo_venta,varchar,15,NO,13
Fact_Ventas_por_Categoria,id_factura,int,-,NO,1
Fact_Ventas_por_Categoria,id_sucursal,int,-,YES,2
Fact_Ventas_por_Categoria,categoria_agrupada,nvarchar,150,YES,3
Fact_Ventas_por_Categoria,categoria_original,nvarchar,150,YES,4
Fact_Ventas_por_Categoria,venta_neta,decimal,-,YES,5
Fact_Ventas_por_Categoria,fecha_factura,date,-,YES,6
Fact_Ventas_por_Categoria,anio_venta,int,-,YES,7
Fact_Ventas_por_Categoria,mes_venta_nro,int,-,YES,8
Fact_Ventas_por_Tipo_Lente,id_orden_cristal,int,-,NO,1
Fact_Ventas_por_Tipo_Lente,id_pedido_venta,int,-,YES,2
Fact_Ventas_por_Tipo_Lente,id_sucursal,int,-,YES,3
Fact_Ventas_por_Tipo_Lente,tipo_lente,varchar,10,NO,4
Fact_Ventas_por_Tipo_Lente,venta_neta,decimal,-,YES,5
Fact_Ventas_por_Tipo_Lente,monto_pagado,decimal,-,YES,6
Fact_Ventas_por_Tipo_Lente,saldo_pendiente,decimal,-,YES,7
Fact_Ventas_por_Tipo_Lente,fecha_venta,date,-,YES,8
Fact_Ventas_por_Tipo_Lente,anio_venta,int,-,YES,9
Fact_Ventas_por_Tipo_Lente,mes_venta_nro,int,-,YES,10
Fact_Ventas_por_Tipo_Lente,mes_venta_nombre,varchar,10,YES,11
Fact_Ventas_por_Tipo_Lente,periodo_venta,varchar,15,NO,12
KPI_Inf1_Cantidad_Facturas,id_factura,int,-,NO,1
KPI_Inf1_Cantidad_Facturas,id_sucursal,int,-,YES,2
KPI_Inf1_Cantidad_Facturas,id_cliente,int,-,YES,3
KPI_Inf1_Cantidad_Facturas,id_vendedor,int,-,NO,4
KPI_Inf1_Cantidad_Facturas,fecha_factura,date,-,YES,5
KPI_Inf1_Cantidad_Facturas,anio_factura,int,-,YES,6
KPI_Inf1_Cantidad_Facturas,mes_factura_nro,int,-,YES,7
KPI_Inf1_Cantidad_Facturas,mes_factura_nombre,varchar,10,YES,8
KPI_Inf1_Cantidad_Facturas,periodo_factura,varchar,15,NO,9
KPI_Inf1_Devoluciones,id_factura,int,-,NO,1
KPI_Inf1_Devoluciones,id_sucursal,int,-,YES,2
KPI_Inf1_Devoluciones,id_cliente,int,-,YES,3
KPI_Inf1_Devoluciones,id_vendedor,int,-,NO,4
KPI_Inf1_Devoluciones,fecha_factura,date,-,YES,5
KPI_Inf1_Devoluciones,anio_factura,int,-,YES,6
KPI_Inf1_Devoluciones,mes_factura_nro,int,-,YES,7
KPI_Inf1_Devoluciones,mes_factura_nombre,varchar,10,YES,8
KPI_Inf1_Devoluciones,periodo_factura,varchar,15,NO,9
KPI_Inf1_Devoluciones,devolucion,decimal,-,YES,10
KPI_Inf1_Devoluciones,devolucion_sin_iva,decimal,-,YES,11
KPI_Inf1_Mix_Medios_Pago,id_cobro,int,-,NO,1
KPI_Inf1_Mix_Medios_Pago,id_sucursal,int,-,YES,2
KPI_Inf1_Mix_Medios_Pago,id_cliente,int,-,YES,3
KPI_Inf1_Mix_Medios_Pago,id_pedido,int,-,YES,4
KPI_Inf1_Mix_Medios_Pago,id_factura,int,-,NO,5
KPI_Inf1_Mix_Medios_Pago,metodo_pago,nvarchar,100,YES,6
KPI_Inf1_Mix_Medios_Pago,tipo_recaudo,varchar,28,NO,7
KPI_Inf1_Mix_Medios_Pago,fecha_completa,date,-,YES,8
KPI_Inf1_Mix_Medios_Pago,anio_cobro,int,-,YES,9
KPI_Inf1_Mix_Medios_Pago,mes_nro,int,-,YES,10
KPI_Inf1_Mix_Medios_Pago,mes_nombre,varchar,10,YES,11
KPI_Inf1_Mix_Medios_Pago,periodo,varchar,15,NO,12
KPI_Inf1_Mix_Medios_Pago,importe_neto,decimal,-,NO,13
KPI_Inf1_Net_Sales,id_factura,int,-,NO,1
KPI_Inf1_Net_Sales,id_linea,int,-,NO,2
KPI_Inf1_Net_Sales,id_producto,int,-,YES,3
KPI_Inf1_Net_Sales,id_sucursal,int,-,YES,4
KPI_Inf1_Net_Sales,nombre_producto,nvarchar,200,YES,5
KPI_Inf1_Net_Sales,nombre_categoria,nvarchar,150,YES,6
KPI_Inf1_Net_Sales,subcategoria_lente,nvarchar,150,YES,7
KPI_Inf1_Net_Sales,cantidad,decimal,-,YES,8
KPI_Inf1_Net_Sales,fecha_factura,date,-,YES,9
KPI_Inf1_Net_Sales,anio_venta,int,-,YES,10
KPI_Inf1_Net_Sales,mes_venta_nro,int,-,YES,11
KPI_Inf1_Net_Sales,mes_venta_nombre,varchar,10,YES,12
KPI_Inf1_Net_Sales,periodo_venta,varchar,15,NO,13
KPI_Inf1_Net_Sales,monto_final_transaccional,decimal,-,YES,14
KPI_Inf1_Net_Sales,precio_lista_unitario,decimal,-,YES,15
KPI_Inf1_Net_Sales,ajuste_comercial_neto,decimal,-,YES,16
KPI_Inf1_Proyeccion_Venta_Neta,id_factura,int,-,NO,1
KPI_Inf1_Proyeccion_Venta_Neta,id_sucursal,int,-,YES,2
KPI_Inf1_Proyeccion_Venta_Neta,id_cliente,int,-,YES,3
KPI_Inf1_Proyeccion_Venta_Neta,id_vendedor,int,-,NO,4
KPI_Inf1_Proyeccion_Venta_Neta,fecha_factura,date,-,YES,5
KPI_Inf1_Proyeccion_Venta_Neta,anio_factura,int,-,YES,6
KPI_Inf1_Proyeccion_Venta_Neta,mes_factura_nro,int,-,YES,7
KPI_Inf1_Proyeccion_Venta_Neta,mes_factura_nombre,varchar,10,YES,8
KPI_Inf1_Proyeccion_Venta_Neta,periodo_factura,varchar,15,NO,9
KPI_Inf1_Proyeccion_Venta_Neta,tipo_transaccion,varchar,10,NO,10
KPI_Inf1_Proyeccion_Venta_Neta,monto_neto,decimal,-,YES,11
KPI_Inf1_Proyeccion_Venta_Neta,dias_del_mes,int,-,YES,12
KPI_Inf1_Proyeccion_Venta_Neta,dia_hoy_gmt4,int,-,YES,13
KPI_Inf1_Proyeccion_Venta_Neta,mes_actual_gmt4,int,-,YES,14
KPI_Inf1_Proyeccion_Venta_Neta,anio_actual_gmt4,int,-,YES,15
KPI_Inf1_Proyeccion_Venta_Neta,es_mes_actual,int,-,NO,16
KPI_Inf1_Ticket_Promedio,periodo,varchar,15,NO,1
KPI_Inf1_Ticket_Promedio,anio,int,-,YES,2
KPI_Inf1_Ticket_Promedio,mes_nro,int,-,YES,3
KPI_Inf1_Ticket_Promedio,mes_nombre,varchar,10,YES,4
KPI_Inf1_Ticket_Promedio,id_sucursal,int,-,YES,5
KPI_Inf1_Ticket_Promedio,venta_neta,decimal,-,YES,6
KPI_Inf1_Ticket_Promedio,cantidad_pedidos,int,-,NO,7
KPI_Inf1_Ticket_Promedio,ticket_promedio,decimal,-,YES,8
KPI_Inf1_Total_Cobrado,id_cobro,int,-,NO,1
KPI_Inf1_Total_Cobrado,id_sucursal,int,-,YES,2
KPI_Inf1_Total_Cobrado,id_cliente,int,-,YES,3
KPI_Inf1_Total_Cobrado,id_pedido,int,-,YES,4
KPI_Inf1_Total_Cobrado,id_factura,int,-,NO,5
KPI_Inf1_Total_Cobrado,metodo_pago,nvarchar,100,YES,6
KPI_Inf1_Total_Cobrado,tipo_recaudo,varchar,28,NO,7
KPI_Inf1_Total_Cobrado,fecha_completa,date,-,YES,8
KPI_Inf1_Total_Cobrado,anio_cobro,int,-,YES,9
KPI_Inf1_Total_Cobrado,mes_nro,int,-,YES,10
KPI_Inf1_Total_Cobrado,mes_nombre,varchar,10,YES,11
KPI_Inf1_Total_Cobrado,periodo,varchar,15,NO,12
KPI_Inf1_Total_Cobrado,importe_neto,decimal,-,NO,13
KPI_Inf1_Venta_Bruta,id_factura,int,-,NO,1
KPI_Inf1_Venta_Bruta,id_sucursal,int,-,YES,2
KPI_Inf1_Venta_Bruta,id_cliente,int,-,YES,3
KPI_Inf1_Venta_Bruta,id_vendedor,int,-,NO,4
KPI_Inf1_Venta_Bruta,fecha_factura,date,-,YES,5
KPI_Inf1_Venta_Bruta,anio_factura,int,-,YES,6
KPI_Inf1_Venta_Bruta,mes_factura_nro,int,-,YES,7
KPI_Inf1_Venta_Bruta,mes_factura_nombre,varchar,10,YES,8
KPI_Inf1_Venta_Bruta,periodo_factura,varchar,15,NO,9
KPI_Inf1_Venta_Bruta,venta_bruta,decimal,-,YES,10
KPI_Inf1_Venta_Bruta,venta_bruta_sin_iva,decimal,-,YES,11
KPI_Inf1_Venta_Neta,id_factura,int,-,NO,1
KPI_Inf1_Venta_Neta,id_sucursal,int,-,YES,2
KPI_Inf1_Venta_Neta,id_cliente,int,-,YES,3
KPI_Inf1_Venta_Neta,id_vendedor,int,-,NO,4
KPI_Inf1_Venta_Neta,fecha_factura,date,-,YES,5
KPI_Inf1_Venta_Neta,anio_factura,int,-,YES,6
KPI_Inf1_Venta_Neta,mes_factura_nro,int,-,YES,7
KPI_Inf1_Venta_Neta,mes_factura_nombre,varchar,10,YES,8
KPI_Inf1_Venta_Neta,periodo_factura,varchar,15,NO,9
KPI_Inf1_Venta_Neta,tipo_transaccion,varchar,10,NO,10
KPI_Inf1_Venta_Neta,monto_neto,decimal,-,YES,11
KPI_Inf1_Venta_Neta,monto_neto_sin_iva,decimal,-,YES,12
KPI_Inf1_Venta_Neta_Producto,id_factura,int,-,NO,1
KPI_Inf1_Venta_Neta_Producto,id_linea,int,-,NO,2
KPI_Inf1_Venta_Neta_Producto,id_producto,int,-,YES,3
KPI_Inf1_Venta_Neta_Producto,id_sucursal,int,-,YES,4
KPI_Inf1_Venta_Neta_Producto,cantidad,decimal,-,YES,5
KPI_Inf1_Venta_Neta_Producto,fecha_factura,date,-,YES,6
KPI_Inf1_Venta_Neta_Producto,anio_venta,int,-,YES,7
KPI_Inf1_Venta_Neta_Producto,mes_venta_nro,int,-,YES,8
KPI_Inf1_Venta_Neta_Producto,mes_venta_nombre,varchar,10,YES,9
KPI_Inf1_Venta_Neta_Producto,periodo_venta,varchar,15,NO,10
KPI_Inf1_Venta_Neta_Producto,monto_final_transaccional,decimal,-,YES,11
KPI_Inf1_Venta_Neta_Producto,precio_lista_unitario,decimal,-,YES,12
KPI_Inf1_Venta_Neta_Producto,ajuste_comercial_neto,decimal,-,YES,13
KPI_Inf1_Venta_Teorica_Lista,id_factura,int,-,NO,1
KPI_Inf1_Venta_Teorica_Lista,id_linea,int,-,NO,2
KPI_Inf1_Venta_Teorica_Lista,id_producto,int,-,YES,3
KPI_Inf1_Venta_Teorica_Lista,id_sucursal,int,-,YES,4
KPI_Inf1_Venta_Teorica_Lista,cantidad,decimal,-,YES,5
KPI_Inf1_Venta_Teorica_Lista,fecha_factura,date,-,YES,6
KPI_Inf1_Venta_Teorica_Lista,anio_venta,int,-,YES,7
KPI_Inf1_Venta_Teorica_Lista,mes_venta_nro,int,-,YES,8
KPI_Inf1_Venta_Teorica_Lista,mes_venta_nombre,varchar,10,YES,9
KPI_Inf1_Venta_Teorica_Lista,periodo_venta,varchar,15,NO,10
KPI_Inf1_Venta_Teorica_Lista,precio_lista_unitario,decimal,-,YES,11
KPI_Inf1_Venta_Teorica_Lista,monto_final_transaccional,decimal,-,YES,12
KPI_Inf1_Venta_Teorica_Lista,venta_teorica_lista,decimal,-,YES,13
KPI_Inf1_Venta_Teorica_Lista,descuento_aplicado,decimal,-,YES,14
KPI_Inf3_Monto_Pedidos,id_pedido,int,-,NO,1
KPI_Inf3_Monto_Pedidos,numero_pedido,nvarchar,50,YES,2
KPI_Inf3_Monto_Pedidos,id_sucursal,int,-,YES,3
KPI_Inf3_Monto_Pedidos,id_cliente,int,-,YES,4
KPI_Inf3_Monto_Pedidos,id_asesor,int,-,YES,5
KPI_Inf3_Monto_Pedidos,estado_pago_interno,nvarchar,50,YES,6
KPI_Inf3_Monto_Pedidos,id_estado_orden,int,-,YES,7
KPI_Inf3_Monto_Pedidos,Estado_Orden_Detalle,varchar,21,NO,8
KPI_Inf3_Monto_Pedidos,fecha_pedido_completa,date,-,YES,9
KPI_Inf3_Monto_Pedidos,anio_pedido,int,-,YES,10
KPI_Inf3_Monto_Pedidos,mes_pedido_nro,int,-,YES,11
KPI_Inf3_Monto_Pedidos,mes_pedido_nombre,varchar,10,YES,12
KPI_Inf3_Monto_Pedidos,periodo_pedido,varchar,15,NO,13
KPI_Inf3_Monto_Pedidos,monto_total,decimal,-,YES,14
KPI_Inf3_Monto_Pedidos,monto_pagado,decimal,-,YES,15
KPI_Inf3_Monto_Pedidos,saldo_pendiente,decimal,-,YES,16
KPI_Inf3_Pct_Cobro_Inmediato,periodo_pedido,varchar,15,NO,1
KPI_Inf3_Pct_Cobro_Inmediato,anio_pedido,int,-,YES,2
KPI_Inf3_Pct_Cobro_Inmediato,mes_pedido_nro,int,-,YES,3
KPI_Inf3_Pct_Cobro_Inmediato,mes_pedido_nombre,varchar,10,YES,4
KPI_Inf3_Pct_Cobro_Inmediato,id_sucursal,int,-,YES,5
KPI_Inf3_Pct_Cobro_Inmediato,total_pedidos,int,-,YES,6
KPI_Inf3_Pct_Cobro_Inmediato,pedidos_cobrados,int,-,YES,7
KPI_Inf3_Pct_Cobro_Inmediato,pct_cobro_inmediato,numeric,-,YES,8
KPI_Inf3_Pct_Nivel_Abono,periodo_pedido,varchar,15,NO,1
KPI_Inf3_Pct_Nivel_Abono,anio_pedido,int,-,YES,2
KPI_Inf3_Pct_Nivel_Abono,mes_pedido_nro,int,-,YES,3
KPI_Inf3_Pct_Nivel_Abono,mes_pedido_nombre,varchar,10,YES,4
KPI_Inf3_Pct_Nivel_Abono,id_sucursal,int,-,YES,5
KPI_Inf3_Pct_Nivel_Abono,monto_total,decimal,-,YES,6
KPI_Inf3_Pct_Nivel_Abono,monto_pagado,decimal,-,YES,7
KPI_Inf3_Pct_Nivel_Abono,saldo_pendiente,decimal,-,YES,8
KPI_Inf3_Pct_Nivel_Abono,pct_nivel_abono,numeric,-,YES,9
KPI_Inf3_Pedidos_Liquidar,id_pedido,int,-,NO,1
KPI_Inf3_Pedidos_Liquidar,numero_pedido,nvarchar,50,YES,2
KPI_Inf3_Pedidos_Liquidar,id_sucursal,int,-,YES,3
KPI_Inf3_Pedidos_Liquidar,id_cliente,int,-,YES,4
KPI_Inf3_Pedidos_Liquidar,id_asesor,int,-,YES,5
KPI_Inf3_Pedidos_Liquidar,estado_pago_interno,nvarchar,50,YES,6
KPI_Inf3_Pedidos_Liquidar,fecha_pedido_completa,date,-,YES,7
KPI_Inf3_Pedidos_Liquidar,anio_pedido,int,-,YES,8
KPI_Inf3_Pedidos_Liquidar,mes_pedido_nro,int,-,YES,9
KPI_Inf3_Pedidos_Liquidar,mes_pedido_nombre,varchar,10,YES,10
KPI_Inf3_Pedidos_Liquidar,periodo_pedido,varchar,15,NO,11
KPI_Inf3_Pedidos_Liquidar,monto_total,decimal,-,YES,12
KPI_Inf3_Pedidos_Liquidar,monto_pagado,decimal,-,YES,13
KPI_Inf3_Pedidos_Liquidar,saldo_pendiente,decimal,-,YES,14
KPI_Inf3_Recaudado_Pedidos,id_pedido,int,-,NO,1
KPI_Inf3_Recaudado_Pedidos,numero_pedido,nvarchar,50,YES,2
KPI_Inf3_Recaudado_Pedidos,id_sucursal,int,-,YES,3
KPI_Inf3_Recaudado_Pedidos,id_cliente,int,-,YES,4
KPI_Inf3_Recaudado_Pedidos,id_asesor,int,-,YES,5
KPI_Inf3_Recaudado_Pedidos,estado_pago_interno,nvarchar,50,YES,6
KPI_Inf3_Recaudado_Pedidos,fecha_pedido_completa,date,-,YES,7
KPI_Inf3_Recaudado_Pedidos,anio_pedido,int,-,YES,8
KPI_Inf3_Recaudado_Pedidos,mes_pedido_nro,int,-,YES,9
KPI_Inf3_Recaudado_Pedidos,mes_pedido_nombre,varchar,10,YES,10
KPI_Inf3_Recaudado_Pedidos,periodo_pedido,varchar,15,NO,11
KPI_Inf3_Recaudado_Pedidos,monto_total,decimal,-,YES,12
KPI_Inf3_Recaudado_Pedidos,monto_pagado,decimal,-,YES,13
KPI_Inf3_Recaudado_Pedidos,saldo_pendiente,decimal,-,YES,14
KPI_Inf3_Saldo_Pendiente,id_pedido,int,-,NO,1
KPI_Inf3_Saldo_Pendiente,numero_pedido,nvarchar,50,YES,2
KPI_Inf3_Saldo_Pendiente,id_sucursal,int,-,YES,3
KPI_Inf3_Saldo_Pendiente,id_cliente,int,-,YES,4
KPI_Inf3_Saldo_Pendiente,id_asesor,int,-,YES,5
KPI_Inf3_Saldo_Pendiente,estado_pago_interno,nvarchar,50,YES,6
KPI_Inf3_Saldo_Pendiente,fecha_pedido_completa,date,-,YES,7
KPI_Inf3_Saldo_Pendiente,anio_pedido,int,-,YES,8
KPI_Inf3_Saldo_Pendiente,mes_pedido_nro,int,-,YES,9
KPI_Inf3_Saldo_Pendiente,mes_pedido_nombre,varchar,10,YES,10
KPI_Inf3_Saldo_Pendiente,periodo_pedido,varchar,15,NO,11
KPI_Inf3_Saldo_Pendiente,monto_total,decimal,-,YES,12
KPI_Inf3_Saldo_Pendiente,monto_pagado,decimal,-,YES,13
KPI_Inf3_Saldo_Pendiente,saldo_pendiente,decimal,-,YES,14
KPI_Inf4_Cantidad_Pedidos,id_pedido,int,-,NO,1
KPI_Inf4_Cantidad_Pedidos,id_sucursal,int,-,YES,2
KPI_Inf4_Cantidad_Pedidos,id_cliente,int,-,YES,3
KPI_Inf4_Cantidad_Pedidos,id_asesor,int,-,YES,4
KPI_Inf4_Cantidad_Pedidos,fecha_pedido_completa,date,-,YES,5
KPI_Inf4_Cantidad_Pedidos,anio_pedido,int,-,YES,6
KPI_Inf4_Cantidad_Pedidos,mes_pedido_nro,int,-,YES,7
KPI_Inf4_Cantidad_Pedidos,mes_pedido_nombre,varchar,10,YES,8
KPI_Inf4_Cantidad_Pedidos,periodo_pedido,varchar,15,NO,9
KPI_Inf4_Pct_Cierre_General,periodo,varchar,15,NO,1
KPI_Inf4_Pct_Cierre_General,anio,int,-,YES,2
KPI_Inf4_Pct_Cierre_General,mes_nro,int,-,YES,3
KPI_Inf4_Pct_Cierre_General,mes_nombre,varchar,10,YES,4
KPI_Inf4_Pct_Cierre_General,id_sucursal,int,-,YES,5
KPI_Inf4_Pct_Cierre_General,cantidad_pedidos,int,-,YES,6
KPI_Inf4_Pct_Cierre_General,total_examenes,int,-,NO,7
KPI_Inf4_Pct_Cierre_General,pct_cierre_general,numeric,-,YES,8
KPI_Inf4_Total_Examenes,id_examen,int,-,NO,1
KPI_Inf4_Total_Examenes,id_cliente,int,-,YES,2
KPI_Inf4_Total_Examenes,id_sucursal,int,-,YES,3
KPI_Inf4_Total_Examenes,id_optometrista,int,-,NO,4
KPI_Inf4_Total_Examenes,fecha_examen_completa,date,-,YES,5
KPI_Inf4_Total_Examenes,anio_examen,int,-,YES,6
KPI_Inf4_Total_Examenes,mes_examen_nro,int,-,YES,7
KPI_Inf4_Total_Examenes,mes_examen_nombre,varchar,10,YES,8
KPI_Inf4_Total_Examenes,periodo_examen,varchar,15,NO,9
KPI_Inf5_ASP,periodo_venta,varchar,15,NO,1
KPI_Inf5_ASP,anio_venta,int,-,YES,2
KPI_Inf5_ASP,mes_venta_nro,int,-,YES,3
KPI_Inf5_ASP,mes_venta_nombre,varchar,10,YES,4
KPI_Inf5_ASP,id_sucursal,int,-,YES,5
KPI_Inf5_ASP,venta_neta_producto,decimal,-,YES,6
KPI_Inf5_ASP,unidades_vendidas,decimal,-,NO,7
KPI_Inf5_ASP,asp,decimal,-,YES,8
KPI_Inf5_Capital_Invertido,id_producto,int,-,YES,1
KPI_Inf5_Capital_Invertido,id_sucursal,int,-,YES,2
KPI_Inf5_Capital_Invertido,cantidad_disponible,int,-,YES,3
KPI_Inf5_Capital_Invertido,estado_stock,varchar,14,NO,4
KPI_Inf5_Capital_Invertido,calidad_costo,varchar,18,NO,5
KPI_Inf5_Capital_Invertido,fecha_movimiento_stock,date,-,YES,6
KPI_Inf5_Capital_Invertido,costo_unitario,decimal,-,YES,7
KPI_Inf5_Capital_Invertido,valor_total_inventario,decimal,-,YES,8
KPI_Inf5_Stock_Fisico,id_producto,int,-,YES,1
KPI_Inf5_Stock_Fisico,id_sucursal,int,-,YES,2
KPI_Inf5_Stock_Fisico,cantidad_disponible,int,-,YES,3
KPI_Inf5_Stock_Fisico,estado_stock,varchar,14,NO,4
KPI_Inf5_Stock_Fisico,calidad_costo,varchar,18,NO,5
KPI_Inf5_Stock_Fisico,fecha_movimiento_stock,date,-,YES,6
KPI_Inf5_Stock_Fisico,costo_unitario,decimal,-,YES,7
KPI_Inf5_Stock_Fisico,valor_total_inventario,decimal,-,YES,8
KPI_Inf5_Stock_Fisico,nombre_producto,nvarchar,200,YES,9
KPI_Inf5_Stock_Fisico,Marca,nvarchar,150,YES,10
KPI_Inf5_Stock_Fisico,Categoria,nvarchar,150,YES,11
KPI_Inf5_Stock_Fisico,Categoria_Padre,nvarchar,150,YES,12
KPI_Inf5_Stock_Fisico,Segmento_Comercial,varchar,18,YES,13
KPI_Inf5_Stock_Fisico,Genero,nvarchar,50,YES,14
KPI_Inf5_Stock_Fisico,Material,nvarchar,100,YES,15
KPI_Inf5_Stock_Fisico,Tipo_Montura,nvarchar,100,YES,16
KPI_Inf5_Stock_Fisico,precio_venta,decimal,-,YES,17
KPI_Inf5_Unidades_Vendidas,id_factura,int,-,NO,1
KPI_Inf5_Unidades_Vendidas,id_linea,int,-,NO,2
KPI_Inf5_Unidades_Vendidas,id_producto,int,-,YES,3
KPI_Inf5_Unidades_Vendidas,id_sucursal,int,-,YES,4
KPI_Inf5_Unidades_Vendidas,fecha_factura,date,-,YES,5
KPI_Inf5_Unidades_Vendidas,anio_venta,int,-,YES,6
KPI_Inf5_Unidades_Vendidas,mes_venta_nro,int,-,YES,7
KPI_Inf5_Unidades_Vendidas,mes_venta_nombre,varchar,10,YES,8
KPI_Inf5_Unidades_Vendidas,periodo_venta,varchar,15,NO,9
KPI_Inf5_Unidades_Vendidas,cantidad,decimal,-,YES,10
KPI_Inf5_Unidades_Vendidas,precio_lista_unitario,decimal,-,YES,11
KPI_Inf5_Unidades_Vendidas,monto_final_transaccional,decimal,-,YES,12
KPI_Inf5_UPT,periodo_venta,varchar,15,NO,1
KPI_Inf5_UPT,anio_venta,int,-,YES,2
KPI_Inf5_UPT,mes_venta_nro,int,-,YES,3
KPI_Inf5_UPT,mes_venta_nombre,varchar,10,YES,4
KPI_Inf5_UPT,id_sucursal,int,-,YES,5
KPI_Inf5_UPT,unidades_vendidas,decimal,-,YES,6
KPI_Inf5_UPT,cantidad_facturas,int,-,NO,7
KPI_Inf5_UPT,upt,numeric,-,YES,8
KPI_Inf5_Volumen_Unidades,id_factura,int,-,NO,1
KPI_Inf5_Volumen_Unidades,id_linea,int,-,NO,2
KPI_Inf5_Volumen_Unidades,id_producto,int,-,YES,3
KPI_Inf5_Volumen_Unidades,id_sucursal,int,-,YES,4
KPI_Inf5_Volumen_Unidades,nombre_producto,nvarchar,200,YES,5
KPI_Inf5_Volumen_Unidades,id_categoria,int,-,YES,6
KPI_Inf5_Volumen_Unidades,nombre_categoria,nvarchar,150,YES,7
KPI_Inf5_Volumen_Unidades,cantidad,decimal,-,YES,8
KPI_Inf5_Volumen_Unidades,fecha_factura,date,-,YES,9
KPI_Inf5_Volumen_Unidades,anio_venta,int,-,YES,10
KPI_Inf5_Volumen_Unidades,mes_venta_nro,int,-,YES,11
KPI_Inf5_Volumen_Unidades,mes_venta_nombre,varchar,10,YES,12
KPI_Inf5_Volumen_Unidades,periodo_venta,varchar,15,NO,13
KPI_Inf5_Volumen_Unidades,monto_final_transaccional,decimal,-,YES,14
Vista_Notificacion_ETL,Fecha_Hora_Venezuela,datetime,-,YES,1
Vista_Notificacion_ETL,Notificacion_Texto,nvarchar,4000,YES,2
Vista_Notificacion_ETL,Estado_Salud,varchar,10,NO,3
Vista_Notificacion_ETL,modulos_completados,int,-,YES,4
Vista_Notificacion_ETL,modulos_en_proceso,int,-,YES,5
Vista_Notificacion_ETL,modulos_con_error,int,-,YES,6
Vw_RLS_Sucursales,id_usuario,int,-,NO,1
Vw_RLS_Sucursales,email,nvarchar,100,NO,2
Vw_RLS_Sucursales,nombre_rol,nvarchar,50,NO,3
Vw_RLS_Sucursales,id_sucursal,int,-,NO,4
Vw_RLS_Sucursales,nombre_sucursal,nvarchar,100,YES,5
Vw_Usuario_Accesos,id_usuario,int,-,NO,1
Vw_Usuario_Accesos,email,nvarchar,100,NO,2
Vw_Usuario_Accesos,nombre_completo,nvarchar,150,YES,3
Vw_Usuario_Accesos,password_hash,nvarchar,255,NO,4
Vw_Usuario_Accesos,esta_activo,bit,-,YES,5
Vw_Usuario_Accesos,nombre_rol,nvarchar,50,NO,6
Vw_Usuario_Accesos,nivel_jerarquico,int,-,YES,7
